Instância,HMCR,PAR,OFV,Status
a/instance_0001.txt,0.1,0.1,3.5555555555555554,OK
a/instance_0001.txt,0.1,0.2,2.4285714285714284,OK
a/instance_0001.txt,0.1,0.3,2.357142857142857,OK
a/instance_0001.txt,0.1,0.4,2.5833333333333335,OK
